arm_ate_pct_T1,sweep_param,sweep_value,experiment_type,outcome_dist,power_ITT_participation_T1,power_TOT_participation_T1,power_ITT_VCU_T1,power_TOT_VCU_T1,power_ITT_participation,power_TOT_participation,power_ITT_VCU,power_TOT_VCU,arm_VCU_delta_mean_T1
1.5,ICC_outcome,0.01,community_level,negbin,0.5566666666666666,0.5666666666666667,0.25666666666666665,0.25666666666666665,0.5566666666666666,0.5666666666666667,0.25666666666666665,0.25666666666666665,15
1.5,ICC_outcome,0.060000000000000005,community_level,negbin,0.51,0.5166666666666667,0.24666666666666667,0.24666666666666667,0.51,0.5166666666666667,0.24666666666666667,0.24666666666666667,15
1.5,ICC_outcome,0.11,community_level,negbin,0.48333333333333334,0.49,0.28,0.27666666666666667,0.48333333333333334,0.49,0.28,0.27666666666666667,15
1.5,ICC_outcome,0.16000000000000003,community_level,negbin,0.42,0.4266666666666667,0.24,0.24,0.42,0.4266666666666667,0.24,0.24,15
1.5,ICC_outcome,0.21000000000000002,community_level,negbin,0.44333333333333336,0.44666666666666666,0.25333333333333335,0.25333333333333335,0.44333333333333336,0.44666666666666666,0.25333333333333335,0.25333333333333335,15
